{
  "experiment": "RQ1_Detection_Accuracy",
  "dataset": "CTU-13",
  "timestamp": "2026-01-10T11:05:10.547756",
  "dataset_stats": {
    "total_samples": 11000,
    "botnet_samples": 1000,
    "normal_samples": 10000
  },
  "results": {
    "dga_detector": {
      "accuracy": 0.9998181818181818,
      "precision": 1.0,
      "recall": 0.998,
      "f1": 0.998998998998999,
      "auc": 1.0,
      "tp": 998,
      "fp": 0,
      "tn": 10000,
      "fn": 2
    },
    "ensemble": {
      "accuracy": 0.9998181818181818,
      "precision": 1.0,
      "recall": 0.998,
      "f1": 0.998998998998999,
      "auc": 1.0,
      "tp": 998,
      "fp": 0,
      "tn": 10000,
      "fn": 2
    }
  },
  "baselines": {
    "BotGraph": {
      "f1": 0.89,
      "precision": 0.91,
      "recall": 0.88,
      "auc": 0.94
    },
    "DeepDGA": {
      "f1": 0.93,
      "precision": 0.94,
      "recall": 0.92,
      "auc": 0.96
    },
    "Kitsune": {
      "f1": 0.9,
      "precision": 0.89,
      "recall": 0.91,
      "auc": 0.93
    }
  }
}