{
  "experiment": "RQ2_Federated_vs_Centralized",
  "timestamp": "2026-01-10T13:09:26.391153",
  "centralized": {
    "accuracy": 0.1875,
    "precision": 0.16613213598460552,
    "recall": 1.0,
    "f1": 0.28492849284928495,
    "auc": 0.9991362407469789,
    "training_time": 1.5268609523773193
  },
  "federated": {
    "accuracy": 0.96375,
    "precision": 0.8170347003154574,
    "recall": 1.0,
    "f1": 0.8993055555555556,
    "auc": 0.9995249324108384,
    "training_time": 1.1481032371520996
  },
  "comparison": {
    "accuracy_drop": -0.6143770627062706,
    "time_overhead": -0.3787577152252197,
    "relative_drop": -2.1562499999999996
  }
}