{
  "experiment": "RQ5_Adversarial_Robustness",
  "timestamp": "2026-01-10T13:11:08.763009",
  "baseline": {
    "accuracy": 0.995,
    "precision": 0.975103734439834,
    "recall": 0.9915611814345991,
    "f1": 0.9832635983263598,
    "auc": 0.9990929663097349
  },
  "data_poisoning": {
    "ratio_0.05": {
      "accuracy": 0.983125,
      "precision": 0.9605263157894737,
      "recall": 0.9240506329113924,
      "f1": 0.9419354838709677,
      "auc": 0.9980063832882913
    },
    "ratio_0.1": {
      "accuracy": 0.92625,
      "precision": 0.9917355371900827,
      "recall": 0.5063291139240507,
      "f1": 0.670391061452514,
      "auc": 0.9922731874030666
    },
    "ratio_0.2": {
      "accuracy": 0.884375,
      "precision": 1.0,
      "recall": 0.21940928270042195,
      "f1": 0.35986159169550175,
      "auc": 0.9562518767548626
    },
    "ratio_0.3": {
      "accuracy": 0.76625,
      "precision": 0.07453416149068323,
      "recall": 0.05063291139240506,
      "f1": 0.06030150753768844,
      "auc": 0.8557878346041092
    }
  },
  "model_poisoning": {
    "strength_0.1": {
      "accuracy": 0.9875,
      "precision": 0.9254901960784314,
      "recall": 0.9957805907172996,
      "f1": 0.9593495934959351,
      "auc": 0.9956660506267201
    },
    "strength_0.3": {
      "accuracy": 0.990625,
      "precision": 0.944,
      "recall": 0.9957805907172996,
      "f1": 0.9691991786447639,
      "auc": 0.9990093830003932
    },
    "strength_0.5": {
      "accuracy": 0.989375,
      "precision": 0.94,
      "recall": 0.9915611814345991,
      "f1": 0.9650924024640656,
      "auc": 0.9988251901520288
    }
  }
}