{
  "experiment": "RQ5_Adversarial_Robustness",
  "timestamp": "2026-01-10T12:58:57.845874",
  "baseline": {
    "accuracy": 0.5454545454545454,
    "precision": 0,
    "recall": 0.0,
    "f1": 0,
    "auc": 0.01
  },
  "data_poisoning": {
    "ratio_0.05": {
      "accuracy": 0.5454545454545454,
      "precision": 0,
      "recall": 0.0,
      "f1": 0,
      "auc": 0.051
    },
    "ratio_0.1": {
      "accuracy": 0.5454545454545454,
      "precision": 0,
      "recall": 0.0,
      "f1": 0,
      "auc": 0.0
    },
    "ratio_0.2": {
      "accuracy": 0.5454545454545454,
      "precision": 0,
      "recall": 0.0,
      "f1": 0,
      "auc": 0.97
    },
    "ratio_0.3": {
      "accuracy": 0.5454545454545454,
      "precision": 0,
      "recall": 0.0,
      "f1": 0,
      "auc": 0.011
    }
  },
  "model_poisoning": {
    "strength_0.1": {
      "accuracy": 0.5454545454545454,
      "precision": 0,
      "recall": 0.0,
      "f1": 0,
      "auc": 0.008
    },
    "strength_0.3": {
      "accuracy": 0.45454545454545453,
      "precision": 0.45454545454545453,
      "recall": 1.0,
      "f1": 0.625,
      "auc": 0.984
    },
    "strength_0.5": {
      "accuracy": 0.5454545454545454,
      "precision": 0,
      "recall": 0.0,
      "f1": 0,
      "auc": 0.006
    }
  }
}