{
  "timestamp": "2026-01-10T02:42:28.640217",
  "train_samples": 58126,
  "test_accuracy": 0.9860996421690064,
  "test_precision": 0.9800273597811218,
  "test_recall": 0.9922437673130194,
  "test_f1": 0.9860977288368893
}