{
  "timestamp": "2026-01-10T03:15:15.984962",
  "test_node_acc": 0.9871934275703758,
  "test_graph_acc": 0.9333333333333333,
  "test_precision": 0.8823529411764706,
  "test_recall": 1.0,
  "test_f1": 0.9375
}